booth_number,pdf_file,18-21_Male,18-21_Female,18-21_Total,18-21_Male%,18-21_Female%,18-21_of_Booth%,22-29_Male,22-29_Female,22-29_Total,22-29_Male%,22-29_Female%,22-29_of_Booth%,30-39_Male,30-39_Female,30-39_Total,30-39_Male%,30-39_Female%,30-39_of_Booth%,40-49_Male,40-49_Female,40-49_Total,40-49_Male%,40-49_Female%,40-49_of_Booth%,50-59_Male,50-59_Female,50-59_Total,50-59_Male%,50-59_Female%,50-59_of_Booth%,60-69_Male,60-69_Female,60-69_Total,60-69_Male%,60-69_Female%,60-69_of_Booth%,70+_Male,70+_Female,70+_Total,70+_Male%,70+_Female%,70+_of_Booth%,Booth_Total_Male,Booth_Total_Female,Booth_Total_Other,Booth_Total,Booth_Male%,Booth_Female%
1,2026-EROLLGEN-S22-18-SIR-DraftRoll-Revision1-TAM-1-WI.pdf,14,12,26,53.8,46.2,4.6,38,47,85,44.7,55.3,15.1,45,56,101,44.6,55.4,17.9,69,75,144,47.9,52.1,25.6,58,54,112,51.8,48.2,19.9,34,27,61,55.7,44.3,10.8,20,14,34,58.8,41.2,6.0,278,285,0,563,49.4,50.6
2,2026-EROLLGEN-S22-18-SIR-DraftRoll-Revision1-TAM-2-WI.pdf,13,16,29,44.8,55.2,4.0,49,56,105,46.7,53.3,14.6,65,74,139,46.8,53.2,19.3,92,95,187,49.2,50.8,26.0,80,58,138,58.0,42.0,19.2,39,34,73,53.4,46.6,10.2,21,27,48,43.8,56.2,6.7,359,360,0,719,49.9,50.1
3,2026-EROLLGEN-S22-18-SIR-DraftRoll-Revision1-TAM-3-WI.pdf,9,8,17,52.9,47.1,3.2,43,33,76,56.6,43.4,14.2,53,52,105,50.5,49.5,19.7,67,60,127,52.8,47.2,23.8,53,40,93,57.0,43.0,17.4,34,39,73,46.6,53.4,13.7,19,24,43,44.2,55.8,8.1,278,256,0,534,52.1,47.9
4,2026-EROLLGEN-S22-18-SIR-DraftRoll-Revision1-TAM-4-WI.pdf,5,7,12,41.7,58.3,3.3,21,20,41,51.2,48.8,11.3,28,37,65,43.1,56.9,17.9,37,46,83,44.6,55.4,22.9,38,42,80,47.5,52.5,22.0,31,24,55,56.4,43.6,15.2,11,16,27,40.7,59.3,7.4,171,192,0,363,47.1,52.9
5,2026-EROLLGEN-S22-18-SIR-DraftRoll-Revision1-TAM-5-WI.pdf,6,6,12,50.0,50.0,2.0,44,34,78,56.4,43.6,12.8,62,66,128,48.4,51.6,21.1,61,68,129,47.3,52.7,21.2,80,64,144,55.6,44.4,23.7,41,31,72,56.9,43.1,11.8,22,23,45,48.9,51.1,7.4,316,292,0,608,52.0,48.0
6,2026-EROLLGEN-S22-18-SIR-DraftRoll-Revision1-TAM-6-WI.pdf,11,13,24,45.8,54.2,2.6,71,50,121,58.7,41.3,13.0,106,96,202,52.5,47.5,21.7,118,105,223,52.9,47.1,24.0,74,90,164,45.1,54.9,17.6,61,61,122,50.0,50.0,13.1,39,36,75,52.0,48.0,8.1,480,451,0,931,51.6,48.4
7,2026-EROLLGEN-S22-18-SIR-DraftRoll-Revision1-TAM-7-WI.pdf,10,7,17,58.8,41.2,3.4,36,41,77,46.8,53.2,15.5,45,42,87,51.7,48.3,17.5,40,47,87,46.0,54.0,17.5,64,61,125,51.2,48.8,25.1,35,26,61,57.4,42.6,12.2,21,23,44,47.7,52.3,8.8,251,247,0,498,50.4,49.6
8,2026-EROLLGEN-S22-18-SIR-DraftRoll-Revision1-TAM-8-WI.pdf,5,4,9,55.6,44.4,2.0,27,31,58,46.6,53.4,12.9,40,53,93,43.0,57.0,20.7,49,56,105,46.7,53.3,23.3,48,42,90,53.3,46.7,20.0,24,34,58,41.4,58.6,12.9,23,14,37,62.2,37.8,8.2,216,234,0,450,48.0,52.0
9,2026-EROLLGEN-S22-18-SIR-DraftRoll-Revision1-TAM-9-WI.pdf,16,12,28,57.1,42.9,4.3,48,52,100,48.0,52.0,15.5,59,51,110,53.6,46.4,17.1,80,95,175,45.7,54.3,27.1,67,57,124,54.0,46.0,19.2,40,31,71,56.3,43.7,11.0,14,23,37,37.8,62.2,5.7,324,321,0,645,50.2,49.8
10,2026-EROLLGEN-S22-18-SIR-DraftRoll-Revision1-TAM-10-WI.pdf,9,11,20,45.0,55.0,3.2,43,40,83,51.8,48.2,13.3,62,68,130,47.7,52.3,20.8,71,72,143,49.7,50.3,22.8,57,58,115,49.6,50.4,18.4,38,41,79,48.1,51.9,12.6,22,34,56,39.3,60.7,8.9,302,324,0,626,48.2,51.8
11,2026-EROLLGEN-S22-18-SIR-DraftRoll-Revision1-TAM-11-WI.pdf,13,10,23,56.5,43.5,3.9,49,40,89,55.1,44.9,15.0,65,55,120,54.2,45.8,20.2,66,80,146,45.2,54.8,24.6,60,50,110,54.5,45.5,18.5,42,30,72,58.3,41.7,12.1,16,17,33,48.5,51.5,5.6,311,282,0,593,52.4,47.6
12,2026-EROLLGEN-S22-18-SIR-DraftRoll-Revision1-TAM-12-WI.pdf,3,11,14,21.4,78.6,2.7,55,39,94,58.5,41.5,18.0,40,65,105,38.1,61.9,20.1,52,55,107,48.6,51.4,20.5,60,53,113,53.1,46.9,21.6,36,27,63,57.1,42.9,12.0,17,10,27,63.0,37.0,5.2,263,260,0,523,50.3,49.7
13,2026-EROLLGEN-S22-18-SIR-DraftRoll-Revision1-TAM-13-WI.pdf,9,15,24,37.5,62.5,4.3,43,41,84,51.2,48.8,15.0,42,38,80,52.5,47.5,14.3,52,72,124,41.9,58.1,22.2,74,44,118,62.7,37.3,21.1,34,32,66,51.5,48.5,11.8,34,29,63,54.0,46.0,11.3,288,271,0,559,51.5,48.5
14,2026-EROLLGEN-S22-18-SIR-DraftRoll-Revision1-TAM-14-WI.pdf,8,15,23,34.8,65.2,3.9,27,30,57,47.4,52.6,9.6,74,59,133,55.6,44.4,22.5,83,63,146,56.8,43.2,24.7,55,70,125,44.0,56.0,21.1,34,30,64,53.1,46.9,10.8,19,25,44,43.2,56.8,7.4,300,292,0,592,50.7,49.3
15,2026-EROLLGEN-S22-18-SIR-DraftRoll-Revision1-TAM-15-WI.pdf,8,15,23,34.8,65.2,4.4,39,33,72,54.2,45.8,13.6,55,51,106,51.9,48.1,20.1,64,68,132,48.5,51.5,25.0,57,52,109,52.3,47.7,20.6,37,21,58,63.8,36.2,11.0,14,14,28,50.0,50.0,5.3,274,254,0,528,51.9,48.1
16,2026-EROLLGEN-S22-18-SIR-DraftRoll-Revision1-TAM-16-WI.pdf,4,8,12,33.3,66.7,2.8,33,25,58,56.9,43.1,13.6,55,47,102,53.9,46.1,23.9,43,47,90,47.8,52.2,21.1,44,44,88,50.0,50.0,20.7,38,21,59,64.4,35.6,13.8,7,10,17,41.2,58.8,4.0,224,202,0,426,52.6,47.4
17,2026-EROLLGEN-S22-18-SIR-DraftRoll-Revision1-TAM-17-WI.pdf,9,7,16,56.2,43.8,3.6,39,25,64,60.9,39.1,14.3,49,49,98,50.0,50.0,21.9,56,47,103,54.4,45.6,23.0,36,38,74,48.6,51.4,16.6,33,23,56,58.9,41.1,12.5,14,22,36,38.9,61.1,8.1,236,211,0,447,52.8,47.2
18,2026-EROLLGEN-S22-18-SIR-DraftRoll-Revision1-TAM-18-WI.pdf,7,5,12,58.3,41.7,3.5,33,13,46,71.7,28.3,13.5,33,27,60,55.0,45.0,17.5,43,45,88,48.9,51.1,25.7,37,41,78,47.4,52.6,22.8,24,13,37,64.9,35.1,10.8,10,11,21,47.6,52.4,6.1,187,155,0,342,54.7,45.3
19,2026-EROLLGEN-S22-18-SIR-DraftRoll-Revision1-TAM-19-WI.pdf,9,5,14,64.3,35.7,3.2,33,24,57,57.9,42.1,12.9,46,28,74,62.2,37.8,16.7,57,54,111,51.4,48.6,25.1,52,46,98,53.1,46.9,22.2,28,16,44,63.6,36.4,10.0,19,25,44,43.2,56.8,10.0,244,198,0,442,55.2,44.8
20,2026-EROLLGEN-S22-18-SIR-DraftRoll-Revision1-TAM-20-WI.pdf,3,5,8,37.5,62.5,2.8,20,20,40,50.0,50.0,14.1,19,17,36,52.8,47.2,12.7,38,36,74,51.4,48.6,26.1,37,31,68,54.4,45.6,23.9,22,16,38,57.9,42.1,13.4,10,10,20,50.0,50.0,7.0,149,135,0,284,52.5,47.5
21,2026-EROLLGEN-S22-18-SIR-DraftRoll-Revision1-TAM-21-WI.pdf,15,24,39,38.5,61.5,5.8,61,60,121,50.4,49.6,18.1,57,74,131,43.5,56.5,19.6,71,104,175,40.6,59.4,26.2,63,71,134,47.0,53.0,20.0,33,21,54,61.1,38.9,8.1,3,12,15,20.0,80.0,2.2,303,366,0,669,45.3,54.7
22,2026-EROLLGEN-S22-18-SIR-DraftRoll-Revision1-TAM-22-WI.pdf,7,5,12,58.3,41.7,3.1,35,32,67,52.2,47.8,17.4,33,30,63,52.4,47.6,16.4,50,42,92,54.3,45.7,23.9,41,39,80,51.2,48.8,20.8,23,24,47,48.9,51.1,12.2,14,10,24,58.3,41.7,6.2,203,182,0,385,52.7,47.3
23,2026-EROLLGEN-S22-18-SIR-DraftRoll-Revision1-TAM-23-WI.pdf,18,15,33,54.5,45.5,5.1,55,46,101,54.5,45.5,15.5,54,70,124,43.5,56.5,19.0,75,94,169,44.4,55.6,25.9,53,62,115,46.1,53.9,17.6,26,38,64,40.6,59.4,9.8,22,24,46,47.8,52.2,7.1,303,349,0,652,46.5,53.5
24,2026-EROLLGEN-S22-18-SIR-DraftRoll-Revision1-TAM-24-WI.pdf,7,13,20,35.0,65.0,3.3,48,42,90,53.3,46.7,15.0,58,56,114,50.9,49.1,18.9,70,79,149,47.0,53.0,24.8,54,54,108,50.0,50.0,17.9,46,40,86,53.5,46.5,14.3,18,17,35,51.4,48.6,5.8,301,301,0,602,50.0,50.0
25,2026-EROLLGEN-S22-18-SIR-DraftRoll-Revision1-TAM-25-WI.pdf,9,20,29,31.0,69.0,5.1,52,40,92,56.5,43.5,16.3,53,51,104,51.0,49.0,18.4,61,80,141,43.3,56.7,25.0,63,49,112,56.2,43.8,19.8,24,27,51,47.1,52.9,9.0,16,20,36,44.4,55.6,6.4,278,287,0,565,49.2,50.8
26,2026-EROLLGEN-S22-18-SIR-DraftRoll-Revision1-TAM-26-WI.pdf,10,10,20,50.0,50.0,3.4,35,31,66,53.0,47.0,11.3,68,66,134,50.7,49.3,23.0,62,64,126,49.2,50.8,21.6,53,59,112,47.3,52.7,19.2,38,34,72,52.8,47.2,12.4,25,27,52,48.1,51.9,8.9,291,291,0,582,50.0,50.0
27,2026-EROLLGEN-S22-18-SIR-DraftRoll-Revision1-TAM-27-WI.pdf,11,10,21,52.4,47.6,3.6,41,30,71,57.7,42.3,12.2,51,62,113,45.1,54.9,19.5,80,65,145,55.2,44.8,25.0,53,68,121,43.8,56.2,20.9,41,34,75,54.7,45.3,12.9,21,13,34,61.8,38.2,5.9,298,282,0,580,51.4,48.6
28,2026-EROLLGEN-S22-18-SIR-DraftRoll-Revision1-TAM-28-WI.pdf,9,11,20,45.0,55.0,3.3,30,32,62,48.4,51.6,10.2,73,87,160,45.6,54.4,26.4,68,81,149,45.6,54.4,24.6,59,57,116,50.9,49.1,19.2,41,28,69,59.4,40.6,11.4,11,18,29,37.9,62.1,4.8,291,314,0,605,48.1,51.9
29,2026-EROLLGEN-S22-18-SIR-DraftRoll-Revision1-TAM-29-WI.pdf,14,15,29,48.3,51.7,4.1,54,46,100,54.0,46.0,14.0,76,69,145,52.4,47.6,20.3,92,98,190,48.4,51.6,26.6,59,60,119,49.6,50.4,16.7,44,44,88,50.0,50.0,12.3,22,21,43,51.2,48.8,6.0,361,353,0,714,50.6,49.4
30,2026-EROLLGEN-S22-18-SIR-DraftRoll-Revision1-TAM-30-WI.pdf,11,13,24,45.8,54.2,3.8,34,44,78,43.6,56.4,12.5,65,56,121,53.7,46.3,19.4,82,89,171,48.0,52.0,27.4,68,62,130,52.3,47.7,20.8,34,28,62,54.8,45.2,9.9,21,17,38,55.3,44.7,6.1,315,309,0,624,50.5,49.5
31,2026-EROLLGEN-S22-18-SIR-DraftRoll-Revision1-TAM-31-WI.pdf,10,19,29,34.5,65.5,3.6,62,68,130,47.7,52.3,16.3,76,96,172,44.2,55.8,21.6,83,93,176,47.2,52.8,22.1,68,96,164,41.5,58.5,20.6,41,43,84,48.8,51.2,10.5,19,23,42,45.2,54.8,5.3,359,438,0,797,45.0,55.0
32,2026-EROLLGEN-S22-18-SIR-DraftRoll-Revision1-TAM-32-WI.pdf,11,9,20,55.0,45.0,2.1,42,54,96,43.8,56.2,10.1,155,137,292,53.1,46.9,30.8,154,162,316,48.7,51.3,33.4,71,73,144,49.3,50.7,15.2,25,40,65,38.5,61.5,6.9,6,8,14,42.9,57.1,1.5,464,483,0,947,49.0,51.0
33,2026-EROLLGEN-S22-18-SIR-DraftRoll-Revision1-TAM-33-WI.pdf,13,18,31,41.9,58.1,5.3,38,50,88,43.2,56.8,15.2,73,58,131,55.7,44.3,22.6,63,67,130,48.5,51.5,22.4,44,51,95,46.3,53.7,16.4,40,34,74,54.1,45.9,12.8,15,16,31,48.4,51.6,5.3,286,294,0,580,49.3,50.7
34,2026-EROLLGEN-S22-18-SIR-DraftRoll-Revision1-TAM-34-WI.pdf,16,20,36,44.4,55.6,4.4,87,90,177,49.2,50.8,21.5,96,90,186,51.6,48.4,22.6,88,109,197,44.7,55.3,24.0,47,58,105,44.8,55.2,12.8,44,43,87,50.6,49.4,10.6,13,21,34,38.2,61.8,4.1,391,431,0,822,47.6,52.4
35,2026-EROLLGEN-S22-18-SIR-DraftRoll-Revision1-TAM-35-WI.pdf,9,8,17,52.9,47.1,2.8,36,50,86,41.9,58.1,14.0,63,66,129,48.8,51.2,21.0,72,88,160,45.0,55.0,26.1,76,50,126,60.3,39.7,20.6,27,25,52,51.9,48.1,8.5,16,27,43,37.2,62.8,7.0,299,314,0,613,48.8,51.2
36,2026-EROLLGEN-S22-18-SIR-DraftRoll-Revision1-TAM-36-WI.pdf,10,7,17,58.8,41.2,3.3,34,40,74,45.9,54.1,14.1,72,66,138,52.2,47.8,26.4,58,51,109,53.2,46.8,20.8,34,45,79,43.0,57.0,15.1,35,31,66,53.0,47.0,12.6,19,21,40,47.5,52.5,7.6,262,261,0,523,50.1,49.9
37,2026-EROLLGEN-S22-18-SIR-DraftRoll-Revision1-TAM-37-WI.pdf,16,6,22,72.7,27.3,3.2,39,37,76,51.3,48.7,11.0,66,64,130,50.8,49.2,18.8,84,92,176,47.7,52.3,25.5,72,67,139,51.8,48.2,20.1,40,42,82,48.8,51.2,11.9,37,29,66,56.1,43.9,9.6,354,337,0,691,51.2,48.8
38,2026-EROLLGEN-S22-18-SIR-DraftRoll-Revision1-TAM-38-WI.pdf,9,7,16,56.2,43.8,2.8,52,35,87,59.8,40.2,15.2,51,54,105,48.6,51.4,18.3,67,69,136,49.3,50.7,23.7,64,63,127,50.4,49.6,22.1,37,27,64,57.8,42.2,11.1,25,14,39,64.1,35.9,6.8,305,269,0,574,53.1,46.9
39,2026-EROLLGEN-S22-18-SIR-DraftRoll-Revision1-TAM-39-WI.pdf,5,10,15,33.3,66.7,3.9,19,29,48,39.6,60.4,12.5,40,44,84,47.6,52.4,21.8,47,44,91,51.6,48.4,23.6,37,36,73,50.7,49.3,19.0,26,17,43,60.5,39.5,11.2,15,16,31,48.4,51.6,8.1,189,196,0,385,49.1,50.9
40,2026-EROLLGEN-S22-18-SIR-DraftRoll-Revision1-TAM-40-WI.pdf,13,10,23,56.5,43.5,4.4,32,34,66,48.5,51.5,12.8,60,40,100,60.0,40.0,19.3,45,54,99,45.5,54.5,19.1,56,73,129,43.4,56.6,25.0,33,23,56,58.9,41.1,10.8,21,23,44,47.7,52.3,8.5,260,257,0,517,50.3,49.7
41,2026-EROLLGEN-S22-18-SIR-DraftRoll-Revision1-TAM-41-WI.pdf,15,13,28,53.6,46.4,3.7,55,45,100,55.0,45.0,13.2,87,85,172,50.6,49.4,22.7,84,83,167,50.3,49.7,22.0,70,70,140,50.0,50.0,18.5,43,48,91,47.3,52.7,12.0,31,29,60,51.7,48.3,7.9,385,373,0,758,50.8,49.2
42,2026-EROLLGEN-S22-18-SIR-DraftRoll-Revision1-TAM-42-WI.pdf,24,13,37,64.9,35.1,6.5,32,39,71,45.1,54.9,12.4,58,46,104,55.8,44.2,18.2,72,64,136,52.9,47.1,23.7,68,66,134,50.7,49.3,23.4,33,27,60,55.0,45.0,10.5,16,15,31,51.6,48.4,5.4,303,270,0,573,52.9,47.1
43,2026-EROLLGEN-S22-18-SIR-DraftRoll-Revision1-TAM-43-WI.pdf,17,16,33,51.5,48.5,4.5,66,51,117,56.4,43.6,16.0,59,94,153,38.6,61.4,20.9,82,73,155,52.9,47.1,21.2,68,80,148,45.9,54.1,20.2,44,36,80,55.0,45.0,10.9,26,20,46,56.5,43.5,6.3,362,370,0,732,49.5,50.5
44,2026-EROLLGEN-S22-18-SIR-DraftRoll-Revision1-TAM-44-WI.pdf,15,16,31,48.4,51.6,4.0,57,72,129,44.2,55.8,16.8,68,67,135,50.4,49.6,17.6,77,97,174,44.3,55.7,22.7,77,84,161,47.8,52.2,21.0,54,47,101,53.5,46.5,13.2,18,19,37,48.6,51.4,4.8,366,402,0,768,47.7,52.3
45,2026-EROLLGEN-S22-18-SIR-DraftRoll-Revision1-TAM-45-WI.pdf,11,8,19,57.9,42.1,3.4,50,41,91,54.9,45.1,16.4,69,72,141,48.9,51.1,25.4,61,78,139,43.9,56.1,25.0,48,57,105,45.7,54.3,18.9,19,19,38,50.0,50.0,6.8,7,15,22,31.8,68.2,4.0,265,290,0,555,47.7,52.3
46,2026-EROLLGEN-S22-18-SIR-DraftRoll-Revision1-TAM-46-WI.pdf,14,14,28,50.0,50.0,4.0,59,41,100,59.0,41.0,14.2,65,58,123,52.8,47.2,17.5,58,84,142,40.8,59.2,20.2,74,82,156,47.4,52.6,22.2,46,43,89,51.7,48.3,12.7,26,39,65,40.0,60.0,9.2,342,361,0,703,48.6,51.4
47,2026-EROLLGEN-S22-18-SIR-DraftRoll-Revision1-TAM-47-WI.pdf,16,9,25,64.0,36.0,4.0,62,64,126,49.2,50.8,20.3,52,56,108,48.1,51.9,17.4,53,64,117,45.3,54.7,18.9,70,70,140,50.0,50.0,22.6,30,25,55,54.5,45.5,8.9,23,26,49,46.9,53.1,7.9,306,314,0,620,49.4,50.6
48,2026-EROLLGEN-S22-18-SIR-DraftRoll-Revision1-TAM-48-WI.pdf,11,4,15,73.3,26.7,2.6,49,31,80,61.3,38.8,14.0,51,50,101,50.5,49.5,17.7,65,63,128,50.8,49.2,22.5,55,66,121,45.5,54.5,21.2,40,42,82,48.8,51.2,14.4,22,21,43,51.2,48.8,7.5,293,277,0,570,51.4,48.6
49,2026-EROLLGEN-S22-18-SIR-DraftRoll-Revision1-TAM-49-WI.pdf,14,11,25,56.0,44.0,3.3,48,55,103,46.6,53.4,13.8,63,67,130,48.5,51.5,17.4,98,82,180,54.4,45.6,24.1,89,78,167,53.3,46.7,22.4,51,41,92,55.4,44.6,12.3,23,27,50,46.0,54.0,6.7,386,361,0,747,51.7,48.3
50,2026-EROLLGEN-S22-18-SIR-DraftRoll-Revision1-TAM-50-WI.pdf,12,9,21,57.1,42.9,3.1,52,50,102,51.0,49.0,15.0,75,70,145,51.7,48.3,21.3,72,76,148,48.6,51.4,21.7,77,74,151,51.0,49.0,22.2,40,29,69,58.0,42.0,10.1,22,23,45,48.9,51.1,6.6,350,331,0,681,51.4,48.6
51,2026-EROLLGEN-S22-18-SIR-DraftRoll-Revision1-TAM-51-WI.pdf,9,15,24,37.5,62.5,4.2,45,54,99,45.5,54.5,17.5,51,55,106,48.1,51.9,18.7,55,62,117,47.0,53.0,20.7,42,50,92,45.7,54.3,16.3,40,40,80,50.0,50.0,14.1,30,18,48,62.5,37.5,8.5,272,294,0,566,48.1,51.9
52,2026-EROLLGEN-S22-18-SIR-DraftRoll-Revision1-TAM-52-WI.pdf,5,6,11,45.5,54.5,3.2,30,23,53,56.6,43.4,15.6,36,32,68,52.9,47.1,20.0,35,45,80,43.8,56.2,23.5,36,39,75,48.0,52.0,22.1,24,14,38,63.2,36.8,11.2,6,9,15,40.0,60.0,4.4,172,168,0,340,50.6,49.4
53,2026-EROLLGEN-S22-18-SIR-DraftRoll-Revision1-TAM-53-WI.pdf,5,7,12,41.7,58.3,3.5,26,22,48,54.2,45.8,14.2,28,33,61,45.9,54.1,18.0,42,49,91,46.2,53.8,26.8,36,27,63,57.1,42.9,18.6,22,16,38,57.9,42.1,11.2,15,11,26,57.7,42.3,7.7,174,165,0,339,51.3,48.7
54,2026-EROLLGEN-S22-18-SIR-DraftRoll-Revision1-TAM-54-WI.pdf,10,10,20,50.0,50.0,3.4,40,35,75,53.3,46.7,12.6,57,80,137,41.6,58.4,22.9,80,70,150,53.3,46.7,25.1,47,50,97,48.5,51.5,16.2,33,41,74,44.6,55.4,12.4,28,16,44,63.6,36.4,7.4,295,302,0,597,49.4,50.6
55,2026-EROLLGEN-S22-18-SIR-DraftRoll-Revision1-TAM-55-WI.pdf,21,19,40,52.5,47.5,5.8,61,48,109,56.0,44.0,15.8,62,62,124,50.0,50.0,17.9,72,80,152,47.4,52.6,22.0,67,55,122,54.9,45.1,17.6,48,44,92,52.2,47.8,13.3,29,24,53,54.7,45.3,7.7,360,332,0,692,52.0,48.0
56,2026-EROLLGEN-S22-18-SIR-DraftRoll-Revision1-TAM-56-WI.pdf,9,8,17,52.9,47.1,3.6,37,32,69,53.6,46.4,14.6,35,36,71,49.3,50.7,15.0,61,50,111,55.0,45.0,23.5,53,37,90,58.9,41.1,19.0,33,34,67,49.3,50.7,14.2,27,21,48,56.2,43.8,10.1,255,218,0,473,53.9,46.1
57,2026-EROLLGEN-S22-18-SIR-DraftRoll-Revision1-TAM-57-WI.pdf,4,7,11,36.4,63.6,2.2,29,30,59,49.2,50.8,11.9,52,57,109,47.7,52.3,21.9,54,63,117,46.2,53.8,23.5,55,38,93,59.1,40.9,18.7,32,30,62,51.6,48.4,12.5,26,20,46,56.5,43.5,9.3,252,245,0,497,50.7,49.3
58,2026-EROLLGEN-S22-18-SIR-DraftRoll-Revision1-TAM-58-WI.pdf,13,8,21,61.9,38.1,3.0,47,47,94,50.0,50.0,13.3,88,63,151,58.3,41.7,21.3,83,111,194,42.8,57.2,27.4,81,76,157,51.6,48.4,22.2,43,28,71,60.6,39.4,10.0,8,12,20,40.0,60.0,2.8,363,345,0,708,51.3,48.7
59,2026-EROLLGEN-S22-18-SIR-DraftRoll-Revision1-TAM-59-WI.pdf,7,7,14,50.0,50.0,2.4,46,28,74,62.2,37.8,12.6,55,72,127,43.3,56.7,21.6,70,75,145,48.3,51.7,24.7,62,55,117,53.0,47.0,19.9,45,22,67,67.2,32.8,11.4,23,20,43,53.5,46.5,7.3,308,279,0,587,52.5,47.5
60,2026-EROLLGEN-S22-18-SIR-DraftRoll-Revision1-TAM-60-WI.pdf,12,14,26,46.2,53.8,3.3,55,51,106,51.9,48.1,13.5,88,80,168,52.4,47.6,21.4,83,104,187,44.4,55.6,23.8,87,74,161,54.0,46.0,20.5,50,42,92,54.3,45.7,11.7,23,22,45,51.1,48.9,5.7,398,387,0,785,50.7,49.3
61,2026-EROLLGEN-S22-18-SIR-DraftRoll-Revision1-TAM-61-WI.pdf,10,5,15,66.7,33.3,2.6,50,41,91,54.9,45.1,16.0,66,71,137,48.2,51.8,24.1,62,82,144,43.1,56.9,25.4,50,51,101,49.5,50.5,17.8,19,32,51,37.3,62.7,9.0,14,15,29,48.3,51.7,5.1,271,297,0,568,47.7,52.3
62,2026-EROLLGEN-S22-18-SIR-DraftRoll-Revision1-TAM-62-WI.pdf,11,16,27,40.7,59.3,4.4,62,29,91,68.1,31.9,14.7,69,54,123,56.1,43.9,19.9,63,71,134,47.0,53.0,21.7,64,56,120,53.3,46.7,19.4,42,44,86,48.8,51.2,13.9,14,22,36,38.9,61.1,5.8,325,292,0,617,52.7,47.3
63,2026-EROLLGEN-S22-18-SIR-DraftRoll-Revision1-TAM-63-WI.pdf,17,5,22,77.3,22.7,3.9,51,39,90,56.7,43.3,16.1,51,47,98,52.0,48.0,17.6,64,65,129,49.6,50.4,23.1,52,44,96,54.2,45.8,17.2,45,43,88,51.1,48.9,15.8,18,17,35,51.4,48.6,6.3,298,260,0,558,53.4,46.6
64,2026-EROLLGEN-S22-18-SIR-DraftRoll-Revision1-TAM-64-WI.pdf,7,7,14,50.0,50.0,2.5,37,34,71,52.1,47.9,12.7,46,60,106,43.4,56.6,18.9,62,59,121,51.2,48.8,21.6,59,56,115,51.3,48.7,20.5,40,37,77,51.9,48.1,13.8,25,31,56,44.6,55.4,10.0,276,284,0,560,49.3,50.7
65,2026-EROLLGEN-S22-18-SIR-DraftRoll-Revision1-TAM-65-WI.pdf,11,9,20,55.0,45.0,3.9,41,51,92,44.6,55.4,17.9,46,49,95,48.4,51.6,18.5,45,64,109,41.3,58.7,21.2,56,52,108,51.9,48.1,21.0,27,34,61,44.3,55.7,11.9,16,13,29,55.2,44.8,5.6,242,272,0,514,47.1,52.9
66,2026-EROLLGEN-S22-18-SIR-DraftRoll-Revision1-TAM-66-WI.pdf,13,19,32,40.6,59.4,4.8,60,45,105,57.1,42.9,15.8,72,70,142,50.7,49.3,21.4,71,82,153,46.4,53.6,23.0,67,62,129,51.9,48.1,19.4,39,32,71,54.9,45.1,10.7,15,18,33,45.5,54.5,5.0,337,328,0,665,50.7,49.3
67,2026-EROLLGEN-S22-18-SIR-DraftRoll-Revision1-TAM-67-WI.pdf,16,14,30,53.3,46.7,4.0,43,46,89,48.3,51.7,12.0,74,78,152,48.7,51.3,20.5,88,83,171,51.5,48.5,23.0,72,74,146,49.3,50.7,19.7,59,43,102,57.8,42.2,13.7,29,23,52,55.8,44.2,7.0,381,361,0,742,51.3,48.7
68,2026-EROLLGEN-S22-18-SIR-DraftRoll-Revision1-TAM-68-WI.pdf,15,10,25,60.0,40.0,4.4,44,39,83,53.0,47.0,14.7,55,56,111,49.5,50.5,19.6,58,82,140,41.4,58.6,24.7,70,45,115,60.9,39.1,20.3,31,23,54,57.4,42.6,9.5,20,18,38,52.6,47.4,6.7,293,273,0,566,51.8,48.2
69,2026-EROLLGEN-S22-18-SIR-DraftRoll-Revision1-TAM-69-WI.pdf,16,8,24,66.7,33.3,5.7,45,35,80,56.2,43.8,19.0,27,45,72,37.5,62.5,17.1,47,53,100,47.0,53.0,23.7,46,40,86,53.5,46.5,20.4,21,13,34,61.8,38.2,8.1,12,14,26,46.2,53.8,6.2,214,208,0,422,50.7,49.3
70,2026-EROLLGEN-S22-18-SIR-DraftRoll-Revision1-TAM-70-WI.pdf,14,14,28,50.0,50.0,4.1,51,41,92,55.4,44.6,13.4,62,81,143,43.4,56.6,20.9,84,86,170,49.4,50.6,24.8,65,67,132,49.2,50.8,19.3,48,43,91,52.7,47.3,13.3,20,9,29,69.0,31.0,4.2,344,341,0,685,50.2,49.8
71,2026-EROLLGEN-S22-18-SIR-DraftRoll-Revision1-TAM-71-WI.pdf,5,12,17,29.4,70.6,2.7,57,50,107,53.3,46.7,16.9,70,66,136,51.5,48.5,21.5,69,56,125,55.2,44.8,19.7,53,70,123,43.1,56.9,19.4,48,32,80,60.0,40.0,12.6,24,22,46,52.2,47.8,7.3,326,308,0,634,51.4,48.6
72,2026-EROLLGEN-S22-18-SIR-DraftRoll-Revision1-TAM-72-WI.pdf,17,13,30,56.7,43.3,4.7,54,43,97,55.7,44.3,15.3,62,73,135,45.9,54.1,21.3,78,80,158,49.4,50.6,25.0,66,46,112,58.9,41.1,17.7,27,37,64,42.2,57.8,10.1,23,14,37,62.2,37.8,5.8,327,306,0,633,51.7,48.3
73,2026-EROLLGEN-S22-18-SIR-DraftRoll-Revision1-TAM-73-WI.pdf,7,9,16,43.8,56.2,4.2,29,28,57,50.9,49.1,15.1,45,41,86,52.3,47.7,22.8,41,37,78,52.6,47.4,20.6,32,51,83,38.6,61.4,22.0,23,17,40,57.5,42.5,10.6,9,9,18,50.0,50.0,4.8,186,192,0,378,49.2,50.8
74,2026-EROLLGEN-S22-18-SIR-DraftRoll-Revision1-TAM-74-WI.pdf,13,11,24,54.2,45.8,3.3,55,50,105,52.4,47.6,14.6,72,75,147,49.0,51.0,20.4,76,94,170,44.7,55.3,23.6,71,73,144,49.3,50.7,20.0,47,42,89,52.8,47.2,12.4,25,16,41,61.0,39.0,5.7,359,361,0,720,49.9,50.1
75,2026-EROLLGEN-S22-18-SIR-DraftRoll-Revision1-TAM-75-WI.pdf,8,9,17,47.1,52.9,2.8,45,48,93,48.4,51.6,15.4,86,54,140,61.4,38.6,23.3,51,57,108,47.2,52.8,17.9,51,67,118,43.2,56.8,19.6,44,35,79,55.7,44.3,13.1,27,20,47,57.4,42.6,7.8,312,290,0,602,51.8,48.2
76,2026-EROLLGEN-S22-18-SIR-DraftRoll-Revision1-TAM-76-WI.pdf,18,13,31,58.1,41.9,4.3,63,56,119,52.9,47.1,16.6,54,73,127,42.5,57.5,17.8,92,95,187,49.2,50.8,26.2,78,76,154,50.6,49.4,21.5,21,40,61,34.4,65.6,8.5,20,16,36,55.6,44.4,5.0,346,369,0,715,48.4,51.6
77,2026-EROLLGEN-S22-18-SIR-DraftRoll-Revision1-TAM-77-WI.pdf,12,12,24,50.0,50.0,3.3,53,69,122,43.4,56.6,16.6,51,57,108,47.2,52.8,14.7,72,93,165,43.6,56.4,22.4,81,76,157,51.6,48.4,21.4,52,41,93,55.9,44.1,12.7,27,39,66,40.9,59.1,9.0,348,387,0,735,47.3,52.7
78,2026-EROLLGEN-S22-18-SIR-DraftRoll-Revision1-TAM-78-WI.pdf,16,12,28,57.1,42.9,5.8,40,55,95,42.1,57.9,19.7,45,52,97,46.4,53.6,20.1,53,53,106,50.0,50.0,22.0,36,39,75,48.0,52.0,15.6,33,23,56,58.9,41.1,11.6,14,11,25,56.0,44.0,5.2,237,245,0,482,49.2,50.8
79,2026-EROLLGEN-S22-18-SIR-DraftRoll-Revision1-TAM-79-WI.pdf,16,13,29,55.2,44.8,5.0,50,52,102,49.0,51.0,17.7,57,56,113,50.4,49.6,19.6,48,66,114,42.1,57.9,19.8,55,57,112,49.1,50.9,19.4,38,29,67,56.7,43.3,11.6,22,18,40,55.0,45.0,6.9,286,291,0,577,49.6,50.4
80,2026-EROLLGEN-S22-18-SIR-DraftRoll-Revision1-TAM-80-WI.pdf,18,12,30,60.0,40.0,4.4,43,35,78,55.1,44.9,11.4,61,65,126,48.4,51.6,18.4,68,83,151,45.0,55.0,22.0,69,72,141,48.9,51.1,20.6,64,45,109,58.7,41.3,15.9,27,24,51,52.9,47.1,7.4,350,336,0,686,51.0,49.0
81,2026-EROLLGEN-S22-18-SIR-DraftRoll-Revision1-TAM-81-WI.pdf,10,13,23,43.5,56.5,5.6,31,29,60,51.7,48.3,14.7,39,48,87,44.8,55.2,21.3,36,48,84,42.9,57.1,20.6,35,39,74,47.3,52.7,18.1,27,20,47,57.4,42.6,11.5,14,19,33,42.4,57.6,8.1,192,216,0,408,47.1,52.9
82,2026-EROLLGEN-S22-18-SIR-DraftRoll-Revision1-TAM-82-WI.pdf,16,18,34,47.1,52.9,3.9,57,56,113,50.4,49.6,12.9,83,105,188,44.1,55.9,21.4,125,150,275,45.5,54.5,31.3,72,93,165,43.6,56.4,18.8,34,42,76,44.7,55.3,8.7,9,18,27,33.3,66.7,3.1,396,482,0,878,45.1,54.9
83,2026-EROLLGEN-S22-18-SIR-DraftRoll-Revision1-TAM-83-WI.pdf,18,5,23,78.3,21.7,3.1,62,52,114,54.4,45.6,15.3,61,81,142,43.0,57.0,19.0,70,100,170,41.2,58.8,22.8,88,77,165,53.3,46.7,22.1,34,37,71,47.9,52.1,9.5,30,32,62,48.4,51.6,8.3,363,384,0,747,48.6,51.4
84,2026-EROLLGEN-S22-18-SIR-DraftRoll-Revision1-TAM-84-WI.pdf,4,9,13,30.8,69.2,2.9,36,29,65,55.4,44.6,14.7,32,39,71,45.1,54.9,16.1,47,40,87,54.0,46.0,19.7,42,59,101,41.6,58.4,22.9,35,26,61,57.4,42.6,13.8,16,27,43,37.2,62.8,9.8,212,229,0,441,48.1,51.9
85,2026-EROLLGEN-S22-18-SIR-DraftRoll-Revision1-TAM-85-WI.pdf,16,15,31,51.6,48.4,4.6,51,45,96,53.1,46.9,14.2,56,60,116,48.3,51.7,17.2,77,81,158,48.7,51.3,23.4,62,66,128,48.4,51.6,19.0,47,45,92,51.1,48.9,13.6,28,25,53,52.8,47.2,7.9,337,337,0,674,50.0,50.0
86,2026-EROLLGEN-S22-18-SIR-DraftRoll-Revision1-TAM-86-WI.pdf,16,10,26,61.5,38.5,3.2,63,64,127,49.6,50.4,15.8,72,92,164,43.9,56.1,20.3,85,106,191,44.5,55.5,23.7,70,83,153,45.8,54.2,19.0,42,51,93,45.2,54.8,11.5,28,24,52,53.8,46.2,6.5,376,430,0,806,46.7,53.3
87,2026-EROLLGEN-S22-18-SIR-DraftRoll-Revision1-TAM-87-WI.pdf,9,22,31,29.0,71.0,3.8,67,66,133,50.4,49.6,16.5,94,75,169,55.6,44.4,21.0,82,104,186,44.1,55.9,23.1,91,84,175,52.0,48.0,21.7,33,43,76,43.4,56.6,9.4,13,23,36,36.1,63.9,4.5,389,417,0,806,48.3,51.7
88,2026-EROLLGEN-S22-18-SIR-DraftRoll-Revision1-TAM-88-WI.pdf,4,12,16,25.0,75.0,2.9,48,33,81,59.3,40.7,14.5,57,66,123,46.3,53.7,22.0,63,79,142,44.4,55.6,25.4,56,65,121,46.3,53.7,21.7,34,24,58,58.6,41.4,10.4,7,10,17,41.2,58.8,3.0,269,289,0,558,48.2,51.8
89,2026-EROLLGEN-S22-18-SIR-DraftRoll-Revision1-TAM-89-WI.pdf,11,8,19,57.9,42.1,3.9,27,40,67,40.3,59.7,13.9,50,55,105,47.6,52.4,21.7,60,63,123,48.8,51.2,25.5,31,51,82,37.8,62.2,17.0,30,34,64,46.9,53.1,13.3,11,12,23,47.8,52.2,4.8,220,263,0,483,45.5,54.5
90,2026-EROLLGEN-S22-18-SIR-DraftRoll-Revision1-TAM-90-WI.pdf,11,15,26,42.3,57.7,4.0,58,54,112,51.8,48.2,17.3,70,76,146,47.9,52.1,22.6,65,92,157,41.4,58.6,24.3,54,53,107,50.5,49.5,16.6,27,41,68,39.7,60.3,10.5,12,18,30,40.0,60.0,4.6,297,349,0,646,46.0,54.0
91,2026-EROLLGEN-S22-18-SIR-DraftRoll-Revision1-TAM-91-WI.pdf,17,12,29,58.6,41.4,4.5,52,58,110,47.3,52.7,17.1,66,84,150,44.0,56.0,23.3,72,67,139,51.8,48.2,21.6,55,56,111,49.5,50.5,17.3,43,28,71,60.6,39.4,11.0,17,16,33,51.5,48.5,5.1,322,321,0,643,50.1,49.9
92,2026-EROLLGEN-S22-18-SIR-DraftRoll-Revision1-TAM-92-WI.pdf,9,7,16,56.2,43.8,2.9,56,39,95,58.9,41.1,17.0,59,41,100,59.0,41.0,17.9,65,74,139,46.8,53.2,24.9,59,43,102,57.8,42.2,18.3,34,37,71,47.9,52.1,12.7,21,14,35,60.0,40.0,6.3,303,255,0,558,54.3,45.7
93,2026-EROLLGEN-S22-18-SIR-DraftRoll-Revision1-TAM-93-WI.pdf,10,16,26,38.5,61.5,4.6,38,36,74,51.4,48.6,13.1,74,74,148,50.0,50.0,26.1,50,53,103,48.5,51.5,18.2,45,60,105,42.9,57.1,18.6,43,35,78,55.1,44.9,13.8,18,14,32,56.2,43.8,5.7,278,288,0,566,49.1,50.9
94,2026-EROLLGEN-S22-18-SIR-DraftRoll-Revision1-TAM-94-WI.pdf,16,15,31,51.6,48.4,4.6,46,62,108,42.6,57.4,16.0,60,67,127,47.2,52.8,18.8,65,74,139,46.8,53.2,20.6,70,70,140,50.0,50.0,20.7,45,38,83,54.2,45.8,12.3,26,21,47,55.3,44.7,7.0,328,347,0,675,48.6,51.4
95,2026-EROLLGEN-S22-18-SIR-DraftRoll-Revision1-TAM-95-WI.pdf,10,11,21,47.6,52.4,3.8,34,38,72,47.2,52.8,13.0,52,57,109,47.7,52.3,19.7,54,82,136,39.7,60.3,24.5,58,55,113,51.3,48.7,20.4,38,28,66,57.6,42.4,11.9,21,16,37,56.8,43.2,6.7,267,287,0,554,48.2,51.8
96,2026-EROLLGEN-S22-18-SIR-DraftRoll-Revision1-TAM-96-WI.pdf,10,12,22,45.5,54.5,4.6,33,48,81,40.7,59.3,16.8,46,45,91,50.5,49.5,18.9,45,56,101,44.6,55.4,21.0,48,40,88,54.5,45.5,18.3,30,32,62,48.4,51.6,12.9,21,16,37,56.8,43.2,7.7,233,249,0,482,48.3,51.7
97,2026-EROLLGEN-S22-18-SIR-DraftRoll-Revision1-TAM-97-WI.pdf,6,2,8,75.0,25.0,2.1,21,22,43,48.8,51.2,11.4,42,39,81,51.9,48.1,21.5,42,42,84,50.0,50.0,22.3,41,33,74,55.4,44.6,19.7,26,28,54,48.1,51.9,14.4,16,16,32,50.0,50.0,8.5,194,182,0,376,51.6,48.4
98,2026-EROLLGEN-S22-18-SIR-DraftRoll-Revision1-TAM-98-WI.pdf,12,10,22,54.5,45.5,3.9,38,50,88,43.2,56.8,15.6,46,55,101,45.5,54.5,17.9,63,68,131,48.1,51.9,23.2,47,51,98,48.0,52.0,17.4,39,40,79,49.4,50.6,14.0,25,20,45,55.6,44.4,8.0,270,294,0,564,47.9,52.1
99,2026-EROLLGEN-S22-18-SIR-DraftRoll-Revision1-TAM-99-WI.pdf,6,6,12,50.0,50.0,2.5,32,34,66,48.5,51.5,13.9,54,50,104,51.9,48.1,21.8,54,58,112,48.2,51.8,23.5,43,43,86,50.0,50.0,18.1,35,33,68,51.5,48.5,14.3,17,11,28,60.7,39.3,5.9,241,235,0,476,50.6,49.4
100,2026-EROLLGEN-S22-18-SIR-DraftRoll-Revision1-TAM-100-WI.pdf,2,10,12,16.7,83.3,2.8,35,39,74,47.3,52.7,17.2,42,48,90,46.7,53.3,21.0,34,39,73,46.6,53.4,17.0,48,37,85,56.5,43.5,19.8,30,27,57,52.6,47.4,13.3,19,19,38,50.0,50.0,8.9,210,219,0,429,49.0,51.0
101,2026-EROLLGEN-S22-18-SIR-DraftRoll-Revision1-TAM-101-WI.pdf,11,6,17,64.7,35.3,4.0,29,28,57,50.9,49.1,13.4,39,49,88,44.3,55.7,20.7,44,48,92,47.8,52.2,21.6,38,41,79,48.1,51.9,18.5,33,32,65,50.8,49.2,15.3,17,11,28,60.7,39.3,6.6,211,215,0,426,49.5,50.5
102,2026-EROLLGEN-S22-18-SIR-DraftRoll-Revision1-TAM-102-WI.pdf,11,17,28,39.3,60.7,4.6,43,44,87,49.4,50.6,14.2,54,57,111,48.6,51.4,18.2,70,58,128,54.7,45.3,20.9,66,62,128,51.6,48.4,20.9,40,38,78,51.3,48.7,12.8,22,29,51,43.1,56.9,8.3,306,305,0,611,50.1,49.9
103,2026-EROLLGEN-S22-18-SIR-DraftRoll-Revision1-TAM-103-WI.pdf,17,22,39,43.6,56.4,5.1,64,55,119,53.8,46.2,15.6,60,61,121,49.6,50.4,15.9,68,103,171,39.8,60.2,22.5,90,78,168,53.6,46.4,22.1,46,39,85,54.1,45.9,11.2,28,30,58,48.3,51.7,7.6,373,388,0,761,49.0,51.0
104,2026-EROLLGEN-S22-18-SIR-DraftRoll-Revision1-TAM-104-WI.pdf,10,10,20,50.0,50.0,3.7,42,32,74,56.8,43.2,13.6,52,58,110,47.3,52.7,20.2,68,82,150,45.3,54.7,27.6,58,55,113,51.3,48.7,20.8,34,19,53,64.2,35.8,9.7,6,18,24,25.0,75.0,4.4,270,274,0,544,49.6,50.4
105,2026-EROLLGEN-S22-18-SIR-DraftRoll-Revision1-TAM-105-WI.pdf,10,6,16,62.5,37.5,2.6,34,34,68,50.0,50.0,11.2,45,55,100,45.0,55.0,16.5,62,64,126,49.2,50.8,20.8,63,68,131,48.1,51.9,21.6,56,44,100,56.0,44.0,16.5,32,34,66,48.5,51.5,10.9,302,305,0,607,49.8,50.2
106,2026-EROLLGEN-S22-18-SIR-DraftRoll-Revision1-TAM-106-WI.pdf,13,21,34,38.2,61.8,3.5,45,68,113,39.8,60.2,11.5,100,135,235,42.6,57.4,23.9,122,136,258,47.3,52.7,26.2,98,116,214,45.8,54.2,21.7,49,37,86,57.0,43.0,8.7,14,31,45,31.1,68.9,4.6,441,544,0,985,44.8,55.2
107,2026-EROLLGEN-S22-18-SIR-DraftRoll-Revision1-TAM-107-WI.pdf,23,11,34,67.6,32.4,4.5,55,63,118,46.6,53.4,15.6,67,87,154,43.5,56.5,20.3,109,96,205,53.2,46.8,27.0,63,69,132,47.7,52.3,17.4,39,41,80,48.8,51.2,10.6,14,21,35,40.0,60.0,4.6,370,388,0,758,48.8,51.2
108,2026-EROLLGEN-S22-18-SIR-DraftRoll-Revision1-TAM-108-WI.pdf,14,7,21,66.7,33.3,2.7,64,63,127,50.4,49.6,16.4,78,68,146,53.4,46.6,18.8,77,88,165,46.7,53.3,21.3,77,81,158,48.7,51.3,20.4,54,38,92,58.7,41.3,11.9,34,32,66,51.5,48.5,8.5,398,377,0,775,51.4,48.6
109,2026-EROLLGEN-S22-18-SIR-DraftRoll-Revision1-TAM-109-WI.pdf,18,17,35,51.4,48.6,4.1,72,53,125,57.6,42.4,14.5,93,79,172,54.1,45.9,20.0,101,106,207,48.8,51.2,24.0,97,76,173,56.1,43.9,20.1,52,42,94,55.3,44.7,10.9,28,27,55,50.9,49.1,6.4,461,400,0,861,53.5,46.5
110,2026-EROLLGEN-S22-18-SIR-DraftRoll-Revision1-TAM-110-WI.pdf,6,6,12,50.0,50.0,2.4,40,50,90,44.4,55.6,18.1,53,53,106,50.0,50.0,21.4,66,73,139,47.5,52.5,28.0,36,47,83,43.4,56.6,16.7,28,18,46,60.9,39.1,9.3,10,10,20,50.0,50.0,4.0,239,257,0,496,48.2,51.8
111,2026-EROLLGEN-S22-18-SIR-DraftRoll-Revision1-TAM-111-WI.pdf,8,14,22,36.4,63.6,3.3,48,49,97,49.5,50.5,14.5,88,81,169,52.1,47.9,25.2,88,72,160,55.0,45.0,23.9,62,56,118,52.5,47.5,17.6,39,33,72,54.2,45.8,10.7,20,12,32,62.5,37.5,4.8,353,317,0,670,52.7,47.3
112,2026-EROLLGEN-S22-18-SIR-DraftRoll-Revision1-TAM-112-WI.pdf,13,16,29,44.8,55.2,4.4,54,53,107,50.5,49.5,16.2,68,76,144,47.2,52.8,21.8,73,85,158,46.2,53.8,23.9,56,70,126,44.4,55.6,19.1,34,32,66,51.5,48.5,10.0,9,22,31,29.0,71.0,4.7,307,354,0,661,46.4,53.6
113,2026-EROLLGEN-S22-18-SIR-DraftRoll-Revision1-TAM-113-WI.pdf,11,12,23,47.8,52.2,4.9,42,35,77,54.5,45.5,16.3,39,57,96,40.6,59.4,20.3,47,55,102,46.1,53.9,21.6,54,46,100,54.0,46.0,21.1,32,21,53,60.4,39.6,11.2,15,7,22,68.2,31.8,4.7,240,233,0,473,50.7,49.3
114,2026-EROLLGEN-S22-18-SIR-DraftRoll-Revision1-TAM-114-WI.pdf,11,12,23,47.8,52.2,3.5,49,55,104,47.1,52.9,15.7,60,68,128,46.9,53.1,19.3,74,100,174,42.5,57.5,26.2,85,59,144,59.0,41.0,21.7,28,29,57,49.1,50.9,8.6,14,20,34,41.2,58.8,5.1,321,343,0,664,48.3,51.7
115,2026-EROLLGEN-S22-18-SIR-DraftRoll-Revision1-TAM-115-WI.pdf,10,8,18,55.6,44.4,4.2,42,30,72,58.3,41.7,16.9,44,64,108,40.7,59.3,25.3,51,42,93,54.8,45.2,21.8,32,35,67,47.8,52.2,15.7,21,22,43,48.8,51.2,10.1,16,10,26,61.5,38.5,6.1,216,211,0,427,50.6,49.4
116,2026-EROLLGEN-S22-18-SIR-DraftRoll-Revision1-TAM-116-WI.pdf,12,8,20,60.0,40.0,4.3,34,39,73,46.6,53.4,15.7,57,57,114,50.0,50.0,24.5,70,60,130,53.8,46.2,28.0,30,40,70,42.9,57.1,15.1,24,18,42,57.1,42.9,9.0,8,8,16,50.0,50.0,3.4,235,230,0,465,50.5,49.5
117,2026-EROLLGEN-S22-18-SIR-DraftRoll-Revision1-TAM-117-WI.pdf,5,10,15,33.3,66.7,2.6,62,39,101,61.4,38.6,17.8,57,63,120,47.5,52.5,21.1,62,75,137,45.3,54.7,24.1,51,47,98,52.0,48.0,17.2,30,31,61,49.2,50.8,10.7,16,21,37,43.2,56.8,6.5,283,286,0,569,49.7,50.3
118,2026-EROLLGEN-S22-18-SIR-DraftRoll-Revision1-TAM-118-WI.pdf,11,8,19,57.9,42.1,2.7,57,52,109,52.3,47.7,15.3,81,90,171,47.4,52.6,23.9,94,72,166,56.6,43.4,23.2,54,79,133,40.6,59.4,18.6,39,40,79,49.4,50.6,11.1,19,18,37,51.4,48.6,5.2,355,359,0,714,49.7,50.3
119,2026-EROLLGEN-S22-18-SIR-DraftRoll-Revision1-TAM-119-WI.pdf,12,5,17,70.6,29.4,2.7,58,45,103,56.3,43.7,16.1,69,78,147,46.9,53.1,23.0,73,83,156,46.8,53.2,24.4,60,50,110,54.5,45.5,17.2,37,34,71,52.1,47.9,11.1,18,17,35,51.4,48.6,5.5,327,312,0,639,51.2,48.8
120,2026-EROLLGEN-S22-18-SIR-DraftRoll-Revision1-TAM-120-WI.pdf,8,12,20,40.0,60.0,3.7,46,34,80,57.5,42.5,14.7,55,45,100,55.0,45.0,18.4,76,64,140,54.3,45.7,25.8,53,55,108,49.1,50.9,19.9,30,22,52,57.7,42.3,9.6,24,19,43,55.8,44.2,7.9,292,251,0,543,53.8,46.2
121,2026-EROLLGEN-S22-18-SIR-DraftRoll-Revision1-TAM-121-WI.pdf,13,17,30,43.3,56.7,4.3,61,61,122,50.0,50.0,17.3,88,94,182,48.4,51.6,25.9,86,101,187,46.0,54.0,26.6,39,71,110,35.5,64.5,15.6,22,37,59,37.3,62.7,8.4,8,6,14,57.1,42.9,2.0,317,387,0,704,45.0,55.0
122,2026-EROLLGEN-S22-18-SIR-DraftRoll-Revision1-TAM-122-WI.pdf,13,11,24,54.2,45.8,5.2,36,28,64,56.2,43.8,13.9,46,57,103,44.7,55.3,22.3,46,46,92,50.0,50.0,20.0,48,44,92,52.2,47.8,20.0,29,21,50,58.0,42.0,10.8,16,20,36,44.4,55.6,7.8,234,227,0,461,50.8,49.2
123,2026-EROLLGEN-S22-18-SIR-DraftRoll-Revision1-TAM-123-WI.pdf,7,15,22,31.8,68.2,3.2,48,41,89,53.9,46.1,13.0,60,67,127,47.2,52.8,18.6,81,85,166,48.8,51.2,24.3,71,64,135,52.6,47.4,19.8,44,31,75,58.7,41.3,11.0,32,36,68,47.1,52.9,10.0,343,339,0,682,50.3,49.7
124,2026-EROLLGEN-S22-18-SIR-DraftRoll-Revision1-TAM-124-WI.pdf,6,19,25,24.0,76.0,3.3,60,49,109,55.0,45.0,14.3,69,80,149,46.3,53.7,19.5,73,83,156,46.8,53.2,20.4,70,65,135,51.9,48.1,17.7,57,59,116,49.1,50.9,15.2,45,29,74,60.8,39.2,9.7,380,384,0,764,49.7,50.3
125,2026-EROLLGEN-S22-18-SIR-DraftRoll-Revision1-TAM-125-WI.pdf,22,18,40,55.0,45.0,5.7,79,76,155,51.0,49.0,22.3,60,84,144,41.7,58.3,20.7,70,86,156,44.9,55.1,22.4,46,79,125,36.8,63.2,18.0,25,32,57,43.9,56.1,8.2,9,10,19,47.4,52.6,2.7,311,385,0,696,44.7,55.3
126,2026-EROLLGEN-S22-18-SIR-DraftRoll-Revision1-TAM-126-WI.pdf,9,9,18,50.0,50.0,3.2,42,43,85,49.4,50.6,15.2,68,61,129,52.7,47.3,23.0,62,85,147,42.2,57.8,26.2,34,62,96,35.4,64.6,17.1,28,38,66,42.4,57.6,11.8,8,11,19,42.1,57.9,3.4,251,309,0,560,44.8,55.2
127,2026-EROLLGEN-S22-18-SIR-DraftRoll-Revision1-TAM-127-WI.pdf,8,13,21,38.1,61.9,3.8,40,48,88,45.5,54.5,15.9,58,62,120,48.3,51.7,21.7,56,62,118,47.5,52.5,21.4,35,46,81,43.2,56.8,14.7,33,38,71,46.5,53.5,12.9,28,25,53,52.8,47.2,9.6,258,294,0,552,46.7,53.3
128,2026-EROLLGEN-S22-18-SIR-DraftRoll-Revision1-TAM-128-WI.pdf,11,10,21,52.4,47.6,4.1,40,45,85,47.1,52.9,16.5,70,58,128,54.7,45.3,24.8,64,59,123,52.0,48.0,23.8,28,44,72,38.9,61.1,14.0,27,23,50,54.0,46.0,9.7,20,17,37,54.1,45.9,7.2,260,256,0,516,50.4,49.6
129,2026-EROLLGEN-S22-18-SIR-DraftRoll-Revision1-TAM-129-WI.pdf,7,9,16,43.8,56.2,2.4,39,55,94,41.5,58.5,14.4,69,83,152,45.4,54.6,23.2,74,59,133,55.6,44.4,20.3,54,62,116,46.6,53.4,17.7,53,45,98,54.1,45.9,15.0,21,24,45,46.7,53.3,6.9,317,337,0,654,48.5,51.5
130,2026-EROLLGEN-S22-18-SIR-DraftRoll-Revision1-TAM-130-WI.pdf,6,7,13,46.2,53.8,2.0,38,45,83,45.8,54.2,12.6,53,89,142,37.3,62.7,21.5,78,85,163,47.9,52.1,24.7,55,51,106,51.9,48.1,16.1,34,42,76,44.7,55.3,11.5,40,36,76,52.6,47.4,11.5,304,355,0,659,46.1,53.9
131,2026-EROLLGEN-S22-18-SIR-DraftRoll-Revision1-TAM-131-WI.pdf,3,7,10,30.0,70.0,3.4,22,20,42,52.4,47.6,14.1,34,25,59,57.6,42.4,19.8,47,28,75,62.7,37.3,25.2,29,22,51,56.9,43.1,17.1,22,20,42,52.4,47.6,14.1,12,7,19,63.2,36.8,6.4,169,129,0,298,56.7,43.3
132,2026-EROLLGEN-S22-18-SIR-DraftRoll-Revision1-TAM-132-WI.pdf,14,12,26,53.8,46.2,4.1,54,36,90,60.0,40.0,14.3,57,59,116,49.1,50.9,18.4,74,78,152,48.7,51.3,24.2,56,52,108,51.9,48.1,17.2,41,48,89,46.1,53.9,14.1,25,23,48,52.1,47.9,7.6,321,308,0,629,51.0,49.0
133,2026-EROLLGEN-S22-18-SIR-DraftRoll-Revision1-TAM-133-WI.pdf,8,10,18,44.4,55.6,3.1,29,36,65,44.6,55.4,11.2,58,54,112,51.8,48.2,19.4,78,71,149,52.3,47.7,25.8,52,54,106,49.1,50.9,18.3,38,42,80,47.5,52.5,13.8,22,26,48,45.8,54.2,8.3,285,293,0,578,49.3,50.7
134,2026-EROLLGEN-S22-18-SIR-DraftRoll-Revision1-TAM-134-WI.pdf,11,8,19,57.9,42.1,3.5,35,19,54,64.8,35.2,10.0,67,57,124,54.0,46.0,22.9,64,61,125,51.2,48.8,23.1,63,52,115,54.8,45.2,21.3,40,31,71,56.3,43.7,13.1,15,18,33,45.5,54.5,6.1,295,246,0,541,54.5,45.5
135,2026-EROLLGEN-S22-18-SIR-DraftRoll-Revision1-TAM-135-WI.pdf,18,8,26,69.2,30.8,5.1,38,36,74,51.4,48.6,14.4,38,59,97,39.2,60.8,18.9,52,59,111,46.8,53.2,21.6,53,52,105,50.5,49.5,20.5,46,26,72,63.9,36.1,14.0,11,17,28,39.3,60.7,5.5,256,257,0,513,49.9,50.1
136,2026-EROLLGEN-S22-18-SIR-DraftRoll-Revision1-TAM-136-WI.pdf,10,12,22,45.5,54.5,4.6,41,28,69,59.4,40.6,14.4,46,55,101,45.5,54.5,21.1,74,68,142,52.1,47.9,29.7,35,41,76,46.1,53.9,15.9,17,19,36,47.2,52.8,7.5,14,18,32,43.8,56.2,6.7,237,241,0,478,49.6,50.4
137,2026-EROLLGEN-S22-18-SIR-DraftRoll-Revision1-TAM-137-WI.pdf,8,8,16,50.0,50.0,3.0,48,46,94,51.1,48.9,17.6,60,49,109,55.0,45.0,20.4,61,57,118,51.7,48.3,22.1,49,53,102,48.0,52.0,19.1,36,23,59,61.0,39.0,11.0,21,16,37,56.8,43.2,6.9,283,252,0,535,52.9,47.1
138,2026-EROLLGEN-S22-18-SIR-DraftRoll-Revision1-TAM-138-WI.pdf,4,17,21,19.0,81.0,3.5,36,27,63,57.1,42.9,10.6,67,71,138,48.6,51.4,23.3,70,63,133,52.6,47.4,22.4,68,47,115,59.1,40.9,19.4,47,33,80,58.8,41.2,13.5,24,19,43,55.8,44.2,7.3,316,277,0,593,53.3,46.7
139,2026-EROLLGEN-S22-18-SIR-DraftRoll-Revision1-TAM-139-WI.pdf,13,12,25,52.0,48.0,4.7,38,33,71,53.5,46.5,13.4,58,36,94,61.7,38.3,17.7,66,67,133,49.6,50.4,25.1,51,50,101,50.5,49.5,19.1,39,33,72,54.2,45.8,13.6,18,16,34,52.9,47.1,6.4,283,247,0,530,53.4,46.6
140,2026-EROLLGEN-S22-18-SIR-DraftRoll-Revision1-TAM-140-WI.pdf,5,3,8,62.5,37.5,2.3,36,32,68,52.9,47.1,19.8,42,32,74,56.8,43.2,21.6,33,32,65,50.8,49.2,19.0,33,32,65,50.8,49.2,19.0,22,19,41,53.7,46.3,12.0,13,9,22,59.1,40.9,6.4,184,159,0,343,53.6,46.4
141,2026-EROLLGEN-S22-18-SIR-DraftRoll-Revision1-TAM-141-WI.pdf,8,6,14,57.1,42.9,3.4,25,19,44,56.8,43.2,10.8,48,44,92,52.2,47.8,22.5,52,42,94,55.3,44.7,23.0,48,27,75,64.0,36.0,18.3,34,21,55,61.8,38.2,13.4,21,14,35,60.0,40.0,8.6,236,173,0,409,57.7,42.3
142,2026-EROLLGEN-S22-18-SIR-DraftRoll-Revision1-TAM-142-WI.pdf,10,11,21,47.6,52.4,3.7,49,41,90,54.4,45.6,16.0,71,58,129,55.0,45.0,22.9,69,59,128,53.9,46.1,22.7,56,54,110,50.9,49.1,19.5,32,24,56,57.1,42.9,9.9,15,15,30,50.0,50.0,5.3,302,262,0,564,53.5,46.5
143,2026-EROLLGEN-S22-18-SIR-DraftRoll-Revision1-TAM-143-WI.pdf,6,5,11,54.5,45.5,2.6,42,14,56,75.0,25.0,13.3,53,36,89,59.6,40.4,21.1,53,57,110,48.2,51.8,26.1,49,34,83,59.0,41.0,19.7,20,18,38,52.6,47.4,9.0,13,21,34,38.2,61.8,8.1,236,185,0,421,56.1,43.9
144,2026-EROLLGEN-S22-18-SIR-DraftRoll-Revision1-TAM-144-WI.pdf,5,6,11,45.5,54.5,3.0,24,24,48,50.0,50.0,13.0,46,39,85,54.1,45.9,23.0,40,38,78,51.3,48.7,21.1,37,30,67,55.2,44.8,18.1,28,25,53,52.8,47.2,14.3,16,12,28,57.1,42.9,7.6,196,174,0,370,53.0,47.0
145,2026-EROLLGEN-S22-18-SIR-DraftRoll-Revision1-TAM-145-WI.pdf,13,10,23,56.5,43.5,4.3,47,38,85,55.3,44.7,15.7,62,49,111,55.9,44.1,20.6,58,55,113,51.3,48.7,20.9,49,46,95,51.6,48.4,17.6,30,31,61,49.2,50.8,11.3,30,22,52,57.7,42.3,9.6,289,251,0,540,53.5,46.5
146,2026-EROLLGEN-S22-18-SIR-DraftRoll-Revision1-TAM-146-WI.pdf,11,4,15,73.3,26.7,4.7,28,23,51,54.9,45.1,16.1,36,26,62,58.1,41.9,19.6,30,40,70,42.9,57.1,22.2,34,35,69,49.3,50.7,21.8,18,15,33,54.5,45.5,10.4,10,6,16,62.5,37.5,5.1,167,149,0,316,52.8,47.2
147,2026-EROLLGEN-S22-18-SIR-DraftRoll-Revision1-TAM-147-WI.pdf,4,1,5,80.0,20.0,1.6,27,18,45,60.0,40.0,14.0,36,43,79,45.6,54.4,24.6,34,44,78,43.6,56.4,24.3,24,25,49,49.0,51.0,15.3,16,25,41,39.0,61.0,12.8,12,12,24,50.0,50.0,7.5,153,168,0,321,47.7,52.3
148,2026-EROLLGEN-S22-18-SIR-DraftRoll-Revision1-TAM-148-WI.pdf,6,7,13,46.2,53.8,3.4,29,17,46,63.0,37.0,11.9,42,41,83,50.6,49.4,21.6,55,56,111,49.5,50.5,28.8,31,40,71,43.7,56.3,18.4,26,22,48,54.2,45.8,12.5,5,8,13,38.5,61.5,3.4,194,191,0,385,50.4,49.6
149,2026-EROLLGEN-S22-18-SIR-DraftRoll-Revision1-TAM-149-WI.pdf,5,7,12,41.7,58.3,2.1,36,31,67,53.7,46.3,11.5,57,42,99,57.6,42.4,17.0,69,59,128,53.9,46.1,22.0,70,72,142,49.3,50.7,24.4,38,38,76,50.0,50.0,13.1,27,30,57,47.4,52.6,9.8,302,279,0,581,52.0,48.0
150,2026-EROLLGEN-S22-18-SIR-DraftRoll-Revision1-TAM-150-WI.pdf,20,34,54,37.0,63.0,6.1,127,111,238,53.4,46.6,27.0,106,126,232,45.7,54.3,26.3,87,106,193,45.1,54.9,21.9,54,51,105,51.4,48.6,11.9,16,24,40,40.0,60.0,4.5,11,10,21,52.4,47.6,2.4,421,462,0,883,47.7,52.3
151,2026-EROLLGEN-S22-18-SIR-DraftRoll-Revision1-TAM-151-WI.pdf,27,13,40,67.5,32.5,4.3,66,82,148,44.6,55.4,15.9,99,132,231,42.9,57.1,24.8,133,144,277,48.0,52.0,29.7,74,76,150,49.3,50.7,16.1,28,40,68,41.2,58.8,7.3,1,18,19,5.3,94.7,2.0,428,505,0,933,45.9,54.1
152,2026-EROLLGEN-S22-18-SIR-DraftRoll-Revision1-TAM-152-WI.pdf,28,22,50,56.0,44.0,5.5,86,86,172,50.0,50.0,19.0,94,119,213,44.1,55.9,23.5,121,124,245,49.4,50.6,27.0,75,75,150,50.0,50.0,16.5,23,30,53,43.4,56.6,5.8,7,17,24,29.2,70.8,2.6,434,473,0,907,47.9,52.1
153,2026-EROLLGEN-S22-18-SIR-DraftRoll-Revision1-TAM-153-WI.pdf,12,28,40,30.0,70.0,6.2,47,62,109,43.1,56.9,16.8,80,66,146,54.8,45.2,22.5,92,107,199,46.2,53.8,30.7,45,45,90,50.0,50.0,13.9,19,26,45,42.2,57.8,6.9,7,12,19,36.8,63.2,2.9,302,346,0,648,46.6,53.4
154,2026-EROLLGEN-S22-18-SIR-DraftRoll-Revision1-TAM-154-WI.pdf,6,2,8,75.0,25.0,2.2,25,13,38,65.8,34.2,10.6,46,31,77,59.7,40.3,21.4,39,47,86,45.3,54.7,24.0,39,27,66,59.1,40.9,18.4,25,34,59,42.4,57.6,16.4,12,13,25,48.0,52.0,7.0,192,167,0,359,53.5,46.5
155,2026-EROLLGEN-S22-18-SIR-DraftRoll-Revision1-TAM-155-WI.pdf,7,9,16,43.8,56.2,3.5,33,23,56,58.9,41.1,12.4,60,37,97,61.9,38.1,21.5,40,53,93,43.0,57.0,20.6,43,44,87,49.4,50.6,19.3,27,29,56,48.2,51.8,12.4,23,23,46,50.0,50.0,10.2,233,218,0,451,51.7,48.3
156,2026-EROLLGEN-S22-18-SIR-DraftRoll-Revision1-TAM-156-WI.pdf,2,2,4,50.0,50.0,1.2,21,21,42,50.0,50.0,12.1,45,34,79,57.0,43.0,22.8,41,31,72,56.9,43.1,20.8,36,36,72,50.0,50.0,20.8,30,27,57,52.6,47.4,16.5,12,8,20,60.0,40.0,5.8,187,159,0,346,54.0,46.0
157,2026-EROLLGEN-S22-18-SIR-DraftRoll-Revision1-TAM-157-WI.pdf,7,7,14,50.0,50.0,2.7,43,29,72,59.7,40.3,13.7,56,47,103,54.4,45.6,19.6,48,67,115,41.7,58.3,21.9,70,54,124,56.5,43.5,23.6,27,21,48,56.2,43.8,9.1,25,25,50,50.0,50.0,9.5,276,250,0,526,52.5,47.5
158,2026-EROLLGEN-S22-18-SIR-DraftRoll-Revision1-TAM-158-WI.pdf,4,4,8,50.0,50.0,2.5,22,21,43,51.2,48.8,13.5,45,38,83,54.2,45.8,26.1,37,32,69,53.6,46.4,21.7,34,31,65,52.3,47.7,20.4,18,14,32,56.2,43.8,10.1,10,8,18,55.6,44.4,5.7,170,148,0,318,53.5,46.5
159,2026-EROLLGEN-S22-18-SIR-DraftRoll-Revision1-TAM-159-WI.pdf,13,9,22,59.1,40.9,4.2,38,35,73,52.1,47.9,13.9,57,53,110,51.8,48.2,21.0,52,52,104,50.0,50.0,19.8,55,63,118,46.6,53.4,22.5,32,20,52,61.5,38.5,9.9,18,27,45,40.0,60.0,8.6,265,259,0,524,50.6,49.4
160,2026-EROLLGEN-S22-18-SIR-DraftRoll-Revision1-TAM-160-WI.pdf,9,7,16,56.2,43.8,3.3,38,18,56,67.9,32.1,11.5,55,48,103,53.4,46.6,21.1,57,57,114,50.0,50.0,23.3,44,58,102,43.1,56.9,20.9,33,28,61,54.1,45.9,12.5,24,13,37,64.9,35.1,7.6,260,229,0,489,53.2,46.8
161,2026-EROLLGEN-S22-18-SIR-DraftRoll-Revision1-TAM-161-WI.pdf,7,7,14,50.0,50.0,3.0,41,29,70,58.6,41.4,15.1,41,36,77,53.2,46.8,16.6,49,45,94,52.1,47.9,20.3,53,64,117,45.3,54.7,25.3,39,29,68,57.4,42.6,14.7,12,11,23,52.2,47.8,5.0,242,221,0,463,52.3,47.7
162,2026-EROLLGEN-S22-18-SIR-DraftRoll-Revision1-TAM-162-WI.pdf,6,11,17,35.3,64.7,3.1,40,38,78,51.3,48.7,14.2,54,53,107,50.5,49.5,19.4,64,73,137,46.7,53.3,24.9,53,50,103,51.5,48.5,18.7,37,29,66,56.1,43.9,12.0,19,24,43,44.2,55.8,7.8,273,278,0,551,49.5,50.5
163,2026-EROLLGEN-S22-18-SIR-DraftRoll-Revision1-TAM-163-WI.pdf,15,10,25,60.0,40.0,4.2,48,30,78,61.5,38.5,13.0,67,54,121,55.4,44.6,20.1,68,61,129,52.7,47.3,21.4,65,67,132,49.2,50.8,21.9,34,33,67,50.7,49.3,11.1,22,28,50,44.0,56.0,8.3,319,283,0,602,53.0,47.0
164,2026-EROLLGEN-S22-18-SIR-DraftRoll-Revision1-TAM-164-WI.pdf,9,3,12,75.0,25.0,2.5,33,31,64,51.6,48.4,13.1,59,68,127,46.5,53.5,26.1,73,57,130,56.2,43.8,26.7,28,35,63,44.4,55.6,12.9,23,31,54,42.6,57.4,11.1,14,23,37,37.8,62.2,7.6,239,248,0,487,49.1,50.9
165,2026-EROLLGEN-S22-18-SIR-DraftRoll-Revision1-TAM-165-WI.pdf,8,6,14,57.1,42.9,3.5,28,30,58,48.3,51.7,14.5,48,49,97,49.5,50.5,24.3,60,55,115,52.2,47.8,28.8,28,38,66,42.4,57.6,16.5,12,19,31,38.7,61.3,7.8,5,13,18,27.8,72.2,4.5,189,210,0,399,47.4,52.6
166,2026-EROLLGEN-S22-18-SIR-DraftRoll-Revision1-TAM-166-WI.pdf,7,9,16,43.8,56.2,3.5,17,18,35,48.6,51.4,7.6,52,52,104,50.0,50.0,22.7,55,54,109,50.5,49.5,23.7,43,43,86,50.0,50.0,18.7,39,35,74,52.7,47.3,16.1,12,23,35,34.3,65.7,7.6,225,234,0,459,49.0,51.0
167,2026-EROLLGEN-S22-18-SIR-DraftRoll-Revision1-TAM-167-WI.pdf,4,5,9,44.4,55.6,2.4,32,30,62,51.6,48.4,16.7,59,51,110,53.6,46.4,29.6,42,41,83,50.6,49.4,22.4,22,39,61,36.1,63.9,16.4,14,17,31,45.2,54.8,8.4,9,6,15,60.0,40.0,4.0,182,189,0,371,49.1,50.9
168,2026-EROLLGEN-S22-18-SIR-DraftRoll-Revision1-TAM-168-WI.pdf,11,17,28,39.3,60.7,4.6,53,32,85,62.4,37.6,13.8,76,67,143,53.1,46.9,23.3,50,70,120,41.7,58.3,19.5,61,64,125,48.8,51.2,20.4,43,34,77,55.8,44.2,12.5,14,22,36,38.9,61.1,5.9,308,306,0,614,50.2,49.8
169,2026-EROLLGEN-S22-18-SIR-DraftRoll-Revision1-TAM-169-WI.pdf,7,7,14,50.0,50.0,3.6,24,23,47,51.1,48.9,12.1,33,30,63,52.4,47.6,16.2,54,55,109,49.5,50.5,27.9,36,33,69,52.2,47.8,17.7,21,29,50,42.0,58.0,12.8,20,18,38,52.6,47.4,9.7,195,195,0,390,50.0,50.0
170,2026-EROLLGEN-S22-18-SIR-DraftRoll-Revision1-TAM-170-WI.pdf,11,9,20,55.0,45.0,5.5,36,20,56,64.3,35.7,15.3,32,38,70,45.7,54.3,19.1,33,40,73,45.2,54.8,19.9,39,38,77,50.6,49.4,21.0,19,22,41,46.3,53.7,11.2,12,17,29,41.4,58.6,7.9,182,184,0,366,49.7,50.3
171,2026-EROLLGEN-S22-18-SIR-DraftRoll-Revision1-TAM-171-WI.pdf,12,4,16,75.0,25.0,2.8,48,39,87,55.2,44.8,15.3,55,39,94,58.5,41.5,16.6,61,58,119,51.3,48.7,21.0,65,62,127,51.2,48.8,22.4,38,34,72,52.8,47.2,12.7,27,25,52,51.9,48.1,9.2,306,261,0,567,54.0,46.0
172,2026-EROLLGEN-S22-18-SIR-DraftRoll-Revision1-TAM-172-WI.pdf,8,10,18,44.4,55.6,3.4,46,25,71,64.8,35.2,13.3,75,51,126,59.5,40.5,23.6,62,61,123,50.4,49.6,23.1,55,43,98,56.1,43.9,18.4,40,24,64,62.5,37.5,12.0,17,16,33,51.5,48.5,6.2,303,230,0,533,56.8,43.2
173,2026-EROLLGEN-S22-18-SIR-DraftRoll-Revision1-TAM-173-WI.pdf,4,1,5,80.0,20.0,1.6,17,14,31,54.8,45.2,10.1,22,21,43,51.2,48.8,14.0,42,34,76,55.3,44.7,24.7,36,37,73,49.3,50.7,23.7,31,22,53,58.5,41.5,17.2,14,13,27,51.9,48.1,8.8,166,142,0,308,53.9,46.1
174,2026-EROLLGEN-S22-18-SIR-DraftRoll-Revision1-TAM-174-WI.pdf,4,6,10,40.0,60.0,2.4,35,24,59,59.3,40.7,14.3,46,43,89,51.7,48.3,21.6,56,49,105,53.3,46.7,25.5,34,30,64,53.1,46.9,15.5,27,26,53,50.9,49.1,12.9,14,18,32,43.8,56.2,7.8,216,196,0,412,52.4,47.6
175,2026-EROLLGEN-S22-18-SIR-DraftRoll-Revision1-TAM-175-WI.pdf,4,2,6,66.7,33.3,1.9,14,13,27,51.9,48.1,8.7,31,20,51,60.8,39.2,16.5,48,35,83,57.8,42.2,26.9,25,35,60,41.7,58.3,19.4,29,26,55,52.7,47.3,17.8,15,12,27,55.6,44.4,8.7,166,143,0,309,53.7,46.3
176,2026-EROLLGEN-S22-18-SIR-DraftRoll-Revision1-TAM-176-WI.pdf,3,3,6,50.0,50.0,2.0,12,15,27,44.4,55.6,9.1,45,31,76,59.2,40.8,25.7,45,40,85,52.9,47.1,28.7,27,19,46,58.7,41.3,15.5,18,19,37,48.6,51.4,12.5,7,12,19,36.8,63.2,6.4,157,139,0,296,53.0,47.0
177,2026-EROLLGEN-S22-18-SIR-DraftRoll-Revision1-TAM-177-WI.pdf,17,22,39,43.6,56.4,6.7,56,41,97,57.7,42.3,16.8,76,91,167,45.5,54.5,28.9,61,64,125,48.8,51.2,21.6,31,49,80,38.8,61.3,13.8,24,25,49,49.0,51.0,8.5,13,8,21,61.9,38.1,3.6,278,300,0,578,48.1,51.9
178,2026-EROLLGEN-S22-18-SIR-DraftRoll-Revision1-TAM-178-WI.pdf,14,18,32,43.8,56.2,5.3,54,60,114,47.4,52.6,18.7,73,87,160,45.6,54.4,26.3,59,75,134,44.0,56.0,22.0,42,51,93,45.2,54.8,15.3,22,25,47,46.8,53.2,7.7,9,20,29,31.0,69.0,4.8,273,336,0,609,44.8,55.2
179,2026-EROLLGEN-S22-18-SIR-DraftRoll-Revision1-TAM-179-WI.pdf,12,4,16,75.0,25.0,3.4,36,26,62,58.1,41.9,13.3,44,48,92,47.8,52.2,19.7,61,43,104,58.7,41.3,22.3,44,45,89,49.4,50.6,19.1,37,27,64,57.8,42.2,13.7,24,15,39,61.5,38.5,8.4,258,208,0,466,55.4,44.6
180,2026-EROLLGEN-S22-18-SIR-DraftRoll-Revision1-TAM-180-WI.pdf,12,13,25,48.0,52.0,7.9,26,40,66,39.4,60.6,20.8,55,37,92,59.8,40.2,29.0,28,34,62,45.2,54.8,19.6,14,24,38,36.8,63.2,12.0,9,15,24,37.5,62.5,7.6,5,5,10,50.0,50.0,3.2,149,168,0,317,47.0,53.0
181,2026-EROLLGEN-S22-18-SIR-DraftRoll-Revision1-TAM-181-WI.pdf,15,10,25,60.0,40.0,5.1,37,63,100,37.0,63.0,20.5,68,71,139,48.9,51.1,28.5,54,62,116,46.6,53.4,23.8,27,38,65,41.5,58.5,13.3,19,16,35,54.3,45.7,7.2,4,4,8,50.0,50.0,1.6,224,264,0,488,45.9,54.1
182,2026-EROLLGEN-S22-18-SIR-DraftRoll-Revision1-TAM-182-WI.pdf,20,28,48,41.7,58.3,7.0,68,83,151,45.0,55.0,22.0,69,92,161,42.9,57.1,23.5,86,91,177,48.6,51.4,25.8,40,39,79,50.6,49.4,11.5,20,31,51,39.2,60.8,7.4,11,7,18,61.1,38.9,2.6,314,371,0,685,45.8,54.2
183,2026-EROLLGEN-S22-18-SIR-DraftRoll-Revision1-TAM-183-WI.pdf,8,15,23,34.8,65.2,8.1,23,23,46,50.0,50.0,16.1,50,37,87,57.5,42.5,30.5,33,32,65,50.8,49.2,22.8,17,23,40,42.5,57.5,14.0,7,11,18,38.9,61.1,6.3,2,4,6,33.3,66.7,2.1,140,145,0,285,49.1,50.9
184,2026-EROLLGEN-S22-18-SIR-DraftRoll-Revision1-TAM-184-WI.pdf,4,7,11,36.4,63.6,3.1,39,41,80,48.8,51.2,22.4,47,44,91,51.6,48.4,25.5,34,49,83,41.0,59.0,23.2,25,32,57,43.9,56.1,16.0,17,11,28,60.7,39.3,7.8,1,6,7,14.3,85.7,2.0,167,190,0,357,46.8,53.2
185,2026-EROLLGEN-S22-18-SIR-DraftRoll-Revision1-TAM-185-WI.pdf,20,26,46,43.5,56.5,6.6,85,90,175,48.6,51.4,24.9,70,85,155,45.2,54.8,22.1,70,89,159,44.0,56.0,22.6,46,50,96,47.9,52.1,13.7,28,31,59,47.5,52.5,8.4,7,5,12,58.3,41.7,1.7,326,376,0,702,46.4,53.6
186,2026-EROLLGEN-S22-18-SIR-DraftRoll-Revision1-TAM-186-WI.pdf,10,21,31,32.3,67.7,4.1,79,73,152,52.0,48.0,20.0,85,102,187,45.5,54.5,24.6,80,93,173,46.2,53.8,22.7,46,73,119,38.7,61.3,15.6,28,46,74,37.8,62.2,9.7,11,14,25,44.0,56.0,3.3,339,422,0,761,44.5,55.5
187,2026-EROLLGEN-S22-18-SIR-DraftRoll-Revision1-TAM-187-WI.pdf,16,20,36,44.4,55.6,4.9,61,60,121,50.4,49.6,16.4,65,67,132,49.2,50.8,17.9,65,113,178,36.5,63.5,24.1,74,60,134,55.2,44.8,18.1,42,47,89,47.2,52.8,12.0,25,24,49,51.0,49.0,6.6,348,391,0,739,47.1,52.9
188,2026-EROLLGEN-S22-18-SIR-DraftRoll-Revision1-TAM-188-WI.pdf,13,9,22,59.1,40.9,3.1,69,54,123,56.1,43.9,17.3,82,78,160,51.2,48.8,22.5,73,89,162,45.1,54.9,22.8,59,76,135,43.7,56.3,19.0,36,35,71,50.7,49.3,10.0,12,25,37,32.4,67.6,5.2,344,366,0,710,48.5,51.5
189,2026-EROLLGEN-S22-18-SIR-DraftRoll-Revision1-TAM-189-WI.pdf,20,18,38,52.6,47.4,5.4,54,50,104,51.9,48.1,14.8,62,73,135,45.9,54.1,19.2,76,102,178,42.7,57.3,25.4,74,66,140,52.9,47.1,19.9,37,25,62,59.7,40.3,8.8,20,25,45,44.4,55.6,6.4,343,359,0,702,48.9,51.1
190,2026-EROLLGEN-S22-18-SIR-DraftRoll-Revision1-TAM-190-WI.pdf,22,10,32,68.8,31.2,4.9,51,38,89,57.3,42.7,13.7,65,56,121,53.7,46.3,18.6,86,76,162,53.1,46.9,25.0,67,57,124,54.0,46.0,19.1,30,48,78,38.5,61.5,12.0,27,16,43,62.8,37.2,6.6,348,301,0,649,53.6,46.4
191,2026-EROLLGEN-S22-18-SIR-DraftRoll-Revision1-TAM-191-WI.pdf,15,17,32,46.9,53.1,4.0,64,68,132,48.5,51.5,16.3,57,89,146,39.0,61.0,18.0,103,110,213,48.4,51.6,26.3,83,66,149,55.7,44.3,18.4,48,50,98,49.0,51.0,12.1,20,19,39,51.3,48.7,4.8,390,419,0,809,48.2,51.8
192,2026-EROLLGEN-S22-18-SIR-DraftRoll-Revision1-TAM-192-WI.pdf,23,26,49,46.9,53.1,6.9,74,55,129,57.4,42.6,18.0,61,57,118,51.7,48.3,16.5,63,91,154,40.9,59.1,21.5,82,78,160,51.2,48.8,22.4,34,33,67,50.7,49.3,9.4,24,14,38,63.2,36.8,5.3,361,354,0,715,50.5,49.5
